"corpus","preloaded/nltenten20_tt3"
"subcorpus","-"
"concordance size","208791"
"query","Query:[lc=""Tilburg"" | lemma_lc=""Tilburg""]"
"Reference","Left","KWIC","Right"
"publicinnovation.nl","RGI). </s><s> In GEOGOV namen een aantal organisaties deel waaronder de Erasmus Universiteit Rotterdam, de universiteit van","Tilburg",", de Universiteit van Amsterdam, ITC en Zenc bv. Het programma is afgerond op 31 december 2008. </s><s> In het eerste kwartaal"
"levensloopbrabant.nl","? </s><s> Bekijk hier de film en download hier de folder. </s><s> Hebben&Houden stond in de kringloopwinkel van Boxmeer, Oss, Breda,","Tilburg","en Veldhoven en is nu in Eindhoven te zien. </s><s> OOk in 2013 kunt u de expositie bezoeken: </s><s> Draadbreuk vraagt: kennen jullie de"
"theofficialmasterguide.nl","uit de vandaag gepubliceerde jaarlijkse ranglijst van Times Higher Education Magazine. </s><s> Pabo als universiteit In","Tilburg","komt iets nieuws: de Pabo University. </s><s> Dit wordt een opleiding voor vwo''ers waarin zij een hbo-bachelor leraar"
"levenopwielen.nl","rond te kunnen bewegen. </s><s> Daarnaast is het aanbod gehandicaptenparkeerplaatsen in Nederland ook maar droevig, vooral","Tilburg","is goed in het verstoppen van deze plekken. </s><s> Ze zijn er wel maar je moet wel goed bekend zijn met de stad. </s><s> In het zuiden van"
"ageno.nl","en Regina kwamen kijken! </s><s> E-coaching werkt! </s><s> De eerste uitkomsten van een langlopend onderzoek van de Universiteit van","Tilburg","(UvT) over digitaal coaching zijn positief. </s><s> De coachmarkt is een miljardenindustrie, maar er is nog nooit eerder"
"theofficialmasterguide.nl","vermogen * Bouwt u een uitgebreid en hoogwaardig netwerk op TIAS biedt deze part-time MBA opleiding aan in","Tilburg",", op de campus van Tilburg University. </s><s> De duur van de opleiding is 2 jaar. </s><s> Zodra u het programma succesvol doorlopen"
"theofficialmasterguide.nl","u een uitgebreid en hoogwaardig netwerk op TIAS biedt deze part-time MBA opleiding aan in Tilburg, op de campus van","Tilburg","University. </s><s> De duur van de opleiding is 2 jaar. </s><s> Zodra u het programma succesvol doorlopen heeft, mag u de titel Master of"
"omroeptilburg.nl","behandeling was bij een begeleid wonen instelling. </s><s> Daar had hij soms vrijheden om naar buiten te gaan, stelt justitie. </s><s>","TILBURG","- Ondanks een oproep op het sociale medium Snapchat om maandagavond ''massale plunderingen'' te plegen in de Tilburgse"
"omroeptilburg.nl","'' te plegen in de Tilburgse binnenstad, was het gisteren vrij rustig op straat. </s><s> Wel was de politie met meerdere... </s><s>","TILBURG","- Het heeft even geduurd, maar menig sportvereniging in Tilburg kan haar leden weer verwelkomen. </s><s> Er zijn echter nog wel"
"omroeptilburg.nl","rustig op straat. </s><s> Wel was de politie met meerdere... </s><s> TILBURG - Het heeft even geduurd, maar menig sportvereniging in","Tilburg","kan haar leden weer verwelkomen. </s><s> Er zijn echter nog wel enkele belangrijke richtlijnen aan verbonden. </s><s> Per sport zijn"
"omroeptilburg.nl",". </s><s> Er zijn echter nog wel enkele belangrijke richtlijnen aan verbonden. </s><s> Per sport zijn er andere regels van... </s><s>","TILBURG","- Op donderdag 28 mei is de inzittende van een auto die tegen een geparkeerde auto was gebotst daarna weggerend. </s><s> Een"
"omroeptilburg.nl","van een auto die tegen een geparkeerde auto was gebotst daarna weggerend. </s><s> Een verdachte is daarom later aangehouden. </s><s>","TILBURG","- De gemeente en een Tilburgs kunstbloemenbedrijf hebben de handen ineengeslagen om voor een stukje vergroening in"
"omroeptilburg.nl","- De gemeente en een Tilburgs kunstbloemenbedrijf hebben de handen ineengeslagen om voor een stukje vergroening in","Tilburg","te zorgen. </s><s> Met de groene wand aan de Lovensekanaaldijk is daar weer een steentje aan... </s><s> 2 weken geleden </s><s> Bekijk </s><s> Eefje"
"omroeptilburg.nl","daar weer een steentje aan... </s><s> 2 weken geleden </s><s> Bekijk </s><s> Eefje Wentelteefje is terug op tv! </s><s> De komende tijd zie je bij Omroep","Tilburg","elke week een nieuwe aflevering van Eefje Wentelteefje''s Coronapoppenkast. </s><s> Het Hart van Brabant Nieuws van"
"omroeptilburg.nl","van donderdag 21 mei 2020: – Dierenpark de Oliemeulen opent opnieuw de deuren – Veerle en Pip zijn ''Tourists at home'' in","Tilburg","– Pieter Gabriel heeft zijn... </s><s> Er staat een nieuwe uitzending van Ramadan TV voor je klaar! </s><s> Deze week vlogt Abi voor je,"
"bieratlas.nl","dan het aanbod. </s><s> Niet helemaal Maastrichts meer </s><s> De productie werd deels verplaatst naar de trappistenbrouwerij in","Tilburg",". </s><s> Dit gebeurde om de vraag te kunnen voldoen. </s><s> Ze waren hierna nogsteeds niet van het probleem af, de vraag bleef maar"
"levensloopbrabant.nl","van het Regionaal Historisch Centrum Eindhoven. • Voor Berkel-Enschot zoek je in de beeldbank van regionaal archief","Tilburg",". • Kijk welke functies de plek door de tijd heen heeft gehad en wat er veranderd is, aan de hand van de foto''s die je hebt"
"omroeptilburg.nl","vijf jaar de helft van hun taken zou kunnen verrichten en 39 procent vrezen hun baan in de komende vijf jaar te verliezen. </s><s>","TILBURG","- Dit najaar opent het Leger des Heils een opvang voor dak- en thuislozen met psychische problemen of een verslaving. </s><s> De"
"omroeptilburg.nl","of een verslaving. </s><s> De opvang krijgt de naam Domus en wordt gevestigd aan de Edisonlaan. </s><s> Niet alle buurtbewoners... </s><s>","TILBURG","- De mondkapjes zijn inmiddels bijna niet meer weg te denken uit het straatbeeld. </s><s> Toch zijn er op de plekken waar ze"
"omroeptilburg.nl","<s> Toch zijn er op de plekken waar ze hardst nodig zijn - de zorginstellingen - nog altijd tekorten. </s><s> Om die reden besloot... </s><s>","TILBURG","– Het was dit jaar voor de meeste mensen al niet zo''n gezellige Koningsdag, maar het viel vooral tegen voor kweker Bart"
"omroeptilburg.nl","bomen en... </s><s> 1 maand geleden </s><s> Bekijk </s><s> Deze week krijgen we in CulTuur tekst en uitleg van componist Erwin Steijlen over de","Tilburg","Tune die hij voor de stad heeft gecomponeerd. </s><s> Ook gaan we langs bij Theater De Nieuwe Vorst, waar de komende tijd niet"
"omroeptilburg.nl","Bon in Raad & Daad juist niet op straat. </s><s> We blijven binnen en spreken via een videoverbinding met Beppie Smit van D66","Tilburg",". </s><s> Hoe gaat het raadswerk verder tijdens de coronacrisis? </s><s> En welke... </s><s> Belang van cloud security neemt in 2020 verder toe </s>"
"medischcontact.nl","met een ernstige meervoudige beperking, nam me mee tijdens mijn kennismaking als toezichthouder bij Amarant in","Tilburg",". </s><s> Zij vertelde over haar werk. </s><s> Over de mensen die bij Amarant wonen en leven, voor wie zij met haar collega''s en met de"
"omroeptilburg.nl","ambassadeur in Denemarken over energietransitie en wat Nederlandse bedrijven van Deense bedrijven kunnen leren. </s><s>","TILBURG","- Deze maandag opende de LocHal weer haar deuren. </s><s> Een tijd geleden besloot de bibliotheek helemaal te sluiten vanwege"
"omroeptilburg.nl","te sluiten vanwege de alsmaar strenger wordende maatregelen rondom het coronavirus. </s><s> Maar nu we van de minister... </s><s>","TILBURG","- Net als veel andere scholen in Nederland, zijn ook de Tilburgse basisscholen vanaf maandag weer geopend voor de"
"omroeptilburg.nl","voor de leerlingen. </s><s> Nadat veel scholieren de afgelopen tijd op afstand onderwijs kregen, bijvoorbeeld via... </s><s>","TILBURG","- Een zeer onhandelbare man is zondag in de Jan Heijnsstraat aangehouden op verdenking van diverse feiten. </s><s> De"
"omroeptilburg.nl","zouden willen dat de coronacrisis in vijf minuten voorbij zou zijn, maar dat zal niet gebeuren. </s><s> Wel kunnen we als Omroep","Tilburg","elke dag de situatie kort beschouwen. </s><s> Na tien afleveringen hebben we nog lang niet alle... </s><s> Aflevering 15: Linda Arts -"
"omroeptilburg.nl","samenwerkingsmodel: de FM Coalitie. </s><s> Facilitaire partners gaan met één ambitie aan de slag. </s><s> Binnen de FM Coalitie ... </s><s>","TILBURG","- Zowel de Heikese kerk als de Heuvelse kerk mogen open blijven, in ieder geval de komende jaren. </s><s> Eigenlijk zou één van de"
"omroeptilburg.nl",". </s><s> Eigenlijk zou één van de twee kerken in de Tilburgse binnenstad de deuren moeten sluiten, maar dat hoeft dus niet. </s><s>","TILBURG","- Bij een Kaneelfabriek denk je misschien aan geurende specerijen, maar in dit geval gaat het toch echt om iets anders. </s>"
"omroeptilburg.nl","echt om iets anders. </s><s> De Kaneelfabriek is namelijk een uitgeverij, met naar eigen zeggen dichtbundels en romans... </s><s>","TILBURG","- Een medewerker van vuilnisophaaldienst BAT heeft vrijdagochtend dode katten aangetroffen in huisvuilcontainers"
"omroeptilburg.nl","BAT heeft vrijdagochtend dode katten aangetroffen in huisvuilcontainers aan de Daeldenstraat in","Tilburg",". </s><s> De dode dieren, die ook waren verminkt, zaten in zakken verspreid... </s><s> 4 maanden geleden </s><s> Bekijk </s><s> Een tijdje geleden"
"omroeptilburg.nl",", zaten in zakken verspreid... </s><s> 4 maanden geleden </s><s> Bekijk </s><s> Een tijdje geleden stond Ranco Mes op het podium bij Paradox","Tilburg",". </s><s> Voor een volle zaal bracht hij daar voor het eerst zijn nieuwe album ''Hoor me dan'' ten gehore. </s><s> Een cd vol"
"aectueel.nl","vanaf de Rozenboomlaan. </s><s> De CMHF (Centrale voor Middelbare en Hogere Functionarissen) heeft de Universiteit van","Tilburg","opdracht gegeven onder zijn leden onderzoek te verrichten naar de bekendheid met keuzemogelijkh... </s><s> Lees meer </s><s> Deze"
"omroeptilburg.nl","verklaringen aflegden. </s><s> Het Openbaar Ministerie vermoedt dat zij niet de waarheid spreken en zijn beïnvloed. </s><s>","TILBURG","- Voor het eerst sinds de Tweede Wereldoorlog vindt er dit jaar geen Tilburgse Kermis plaats. </s><s> De verrassing was niet"
"omroeptilburg.nl","verrassing was niet heel groot, maar na de persconferentie van Mark Rutte dinsdag is de kermis van 2020 definitief... </s><s>","TILBURG","- In deze coronatijd is er een klein lichtpuntje voor de culturele sector. </s><s> Alle culturele activiteiten die vanwege de"
"omroeptilburg.nl","Mark Rutte... </s><s> In deze aflevering van Paradox Live kun je kijken naar het concert van Yuri Honing bij Paradox","Tilburg",". </s><s> Deze Nederlandse saxofonist reist de hele wereld over en speelt misschien nog wel vaker op andere continenten dan... </s>"
"omroeptilburg.nl","en speelt misschien nog wel vaker op andere continenten dan... </s><s> Het Hart van Brabant Nieuws van maandag 16 maart 2020: –","Tilburg","valt grotendeels stil door coronamaatregelen – Lagere maximumsnelheid nu overal van kracht – ""Mensen merken dat ze"
"kleintjepils.nl","tijdens de viering in de Friezenkerk. </s><s> Het bracht onder meer de Pauselijke Hymne ten gehore. </s><s> Nederlandse pelgrims uit","Tilburg",", Utrecht en met name uit het Bisdom Rotterdam, vierden op 15 oktober de Eucharistie in de Friezenkerk. </s><s> Op een"
"harmoniemill.nl","leraren hebben zij een A/B-examen Drum & Show / HaFaBra afgelegd aan het Centrum voor Amateurkunst (CvA) in","Tilburg",". v.l.n.r. </s><s> Frank Lintzen, Tjeerd Meulepas, Daan van Summeren, Rob Nuijen, Gijs van Tienen en Evelien Verstegen. </s><s> Om 09:"
"omroeptilburg.nl",". </s><s> Ik slaap goed de laatste tijd. </s><s> (...) Het is fantastisch om dit mee te maken bij de club waar je groot geworden bent.'' </s><s>","TILBURG","- De coronamaatregelen voor de dag- en weekmarkten in Brabant zijn versoepeld. </s><s> De afgelopen tijd waren alleen kramen"
"omroeptilburg.nl","waren alleen kramen waar voedsel wordt verkocht toegestaan, maar vanaf vrijdag mogen alle marktkooplieden hun... </s><s>","TILBURG","- In de laatste persconferentie werd duidelijk dat horecagelegenheden die bij hotels horen weer open mogen voor hun"
"omroeptilburg.nl","weer open mogen voor hun gasten. </s><s> Het restaurant en het grand café van hotel Mercure maken hier dankbaar gebruik van... </s><s>","TILBURG","– Wethouder Berend de Vries heeft aangegeven dat horecaondernemers in het jaar 2020 geen precariobelasting hoeven te"
"omroeptilburg.nl","Tilburgse straten even voor wat het is en blijven we gewoon binnen. </s><s> Pieter Bon spreekt af met Freek Reffeltrath van VVD","Tilburg",". </s><s> Behalve raadslid is Freek ook voorzitter van... </s><s> Soortfactsheet </s><s> De gewone dwergvleermuis is de meest voorkomende"
"maakdeswitch.nl","platform voor een verantwoorde lifestyle </s><s> In de regio </s><s> Wereldpodium Een podium waarop de wereld te gast is. </s><s> Gestart in","Tilburg",", in juni 2007, betrekt het Wereldpodium mensen bij internationale ontwikkelingen. </s><s> Met name bij ontwikkelingen die"
"devriesboeken.nl","Nicolaes Tulp. </s><s> Hans Dooremalen is als wetenschapsfilosoof en philosopher of mind verbonden aan de Universiteit van","Tilburg",". </s><s> Hij is medeauteur van succesvolle boeken als Wat een onzin! en Exploring Humans. </s><s> In 2018 verscheen zijn filosofische"
"ageno.nl","aspecten te maken hebben, moeten goed uitgerust en fit zijn. </s><s> Onderzoek van o.a. Nicole Mead van de Universiteit van","Tilburg","heeft uitgewezen dat bij mentaal vermoeide mensen het onderscheid tussen goed en slecht wegvalt. </s><s> De zelfdiscipline"
"omroeptilburg.nl","tot juni, en om die reden heeft H-B nu Backstage Backyard Blues met Mattanja Bradley als zonnige pleister op de wonde. </s><s>","TILBURG","- Aangezien iedereen tijdens de coronacrisis zo veel mogelijk binnen moet blijven, bedacht Bjorn van Eeuwijk een"
"omroeptilburg.nl","van Eeuwijk een metalpubquiz. </s><s> De eerste editie vond al zo''n vier weken geleden plaats, maar door de vele positieve... </s><s>","TILBURG","- Het kruispunt Stappegoorweg / Tantraweg / Eifelweg wordt vervangen door een rotonde. </s><s> Vanaf 4 mei beginnen de"
"prinsesirenebrigade.nl","van de Oirschotse Heide via Zeelst, Oerle, het zwaar gehavende Middelbeers en Diessen richting Hilvarenbeek om","Tilburg","te bevrijden. </s><s> De Brigade stond hier onder bevel van de 15e Schotse Divisie. </s><s> Emotionele Intelligentie in bedrijf en"
"maakdeswitch.nl","uiteenlopende transitieprocessen die zich in Nederland afspelen. </s><s> 20-08 2013 | Op 7 september vindt in de Harmonie in","Tilburg","een event voor reizigers plaats. </s><s> Entree is gratis, aanvang 11.30 uur. </s><s> Meld je aan. </s><s> 05-08 2013 | In april 2013"
"maakdeswitch.nl","2 november 2013 spreekt Lilianne Ploumen, Minister voor Buitenlandse Handel en Ontwikkelingssamenwerking, in","Tilburg","de 4e Peerke Donderslezing uit. </s><s> Minister Ploumen buigt zich in haar lezing over de vraag hoe het bedrijfsleven de"
"maakdeswitch.nl","Cultuurnacht op 26 oktober speelt het Zuidelijk Toneel stukken over de betekenis van solidariteit anno nu in Theaters","Tilburg",". </s><s> 09-10 2013 | No future? </s><s> No way! </s><s> Tijdens de twaalfde editie van Dutch Design Week (DDW) in Eindhoven kun je met eigen ogen"
"maakdeswitch.nl","''Four Freedoms door het jaar heen'' is verschenen en laat de mooie resultaten van het afgelopen jaar zien. </s><s> 29-03 2016 |","Tilburg","is in 2016 Shelter City geworden. </s><s> Dat houdt in dat de stad voor 3 maanden onderdak biedt aan een"
"maakdeswitch.nl","hij/zij tot rust komen, netwerken, cursussen volgen etcetera. </s><s> De landelijke coördinatie ligt bij Justice&Peace, in","Tilburg","zorgt Switch/ContourdeTwern voor een lokale invulling en begeleiding. </s><s> 04-12 2015 | Op maandag 14 december laten"
"maakdeswitch.nl","u en Wim de Wagt in gesprek tijdens de tweede Tegenlicht Meet Up ZLD. </s><s> 28-09 2015 | De afdeling MBO Horeca van De Rooi Pannen","Tilburg","serveert van 12 tot en met 16 oktober in haar restaurants aan de Dr. Ahausstraat 1 een bijzondere, heerlijke en eerlijke"
"maakdeswitch.nl","weten wat jij weet van ontwikkelingen in de wereld, hoe jij daar tegenaan kijkt en wat jij belangrijk vindt. </s><s> 14-02 2014 |","Tilburg","heeft voor het 2e jaar op rij de titel ''Fairtrade Gemeente'' ontvangen. </s><s> Dit heeft het Campagneteam Fairtrade Gemeenten"
"maakdeswitch.nl","opgezet. </s><s> Wekelijks worden schoonmaakartikelen met een bakfiets rondgebracht. </s><s> 30-05 2013 | Op 29 en 30 juni vindt in","Tilburg","Festival Mundial plaats, twee dagen muziek, dans en theater. </s><s> Upgraders zijn aanwezig tussen het publiek. </s><s> Twee teams"
"omroeptilburg.nl","in... </s><s> MOERGESTEL - Dinsdagmiddag is er een zeer grote brand uitgebroken in het bosgebied tussen Moergestel en","Tilburg",". </s><s> Veel brandweereenheden zijn ter plaatse om het vuur te bestrijden. </s><s> TILBURG – Kringloopwinkel La Poubelle opende"
"omroeptilburg.nl","in het bosgebied tussen Moergestel en Tilburg. </s><s> Veel brandweereenheden zijn ter plaatse om het vuur te bestrijden. </s><s>","TILBURG","– Kringloopwinkel La Poubelle opende deze maandag voor het eerst sinds het begin van de coronacrisis weer de deuren. </s><s> De"
"omroeptilburg.nl","tijdens Tilt haar nieuwe dichtbundel zou... </s><s> Deze week gaat Pieter Bon samen met raadslid Koen van der Krieken van D66","Tilburg","op pad naar de ''kennisas'' van Tilburg. </s><s> Waar dat is en waarom we juist daar rondlopen, hoor en zie je in deze aflevering van"
"omroeptilburg.nl","zou... </s><s> Deze week gaat Pieter Bon samen met raadslid Koen van der Krieken van D66 Tilburg op pad naar de ''kennisas'' van","Tilburg",". </s><s> Waar dat is en waarom we juist daar rondlopen, hoor en zie je in deze aflevering van... </s><s> Stel verbod op erkenning en"
"omroeptilburg.nl","de eerdere Turks-Armeense renovaties in Turkije, zijn er nu ook culturele samenwerkingen tussen de twee buurlanden. </s><s>","TILBURG","- Om in deze rare tijd van sociale onthouding wat afleiding te brengen kwamen Tilburgers Olivier Jaspers en Dirk Stolk"
"omroeptilburg.nl","Jaspers en Dirk Stolk met een initiatief: Firewall. </s><s> Dit weekend maken zij 48 uur lang onafgebroken radio vanuit... </s><s>","TILBURG","- Net zoals veel andere festivals en evenementen die in deze periode plaats zouden vinden, gaat ook het bekende"
"omroeptilburg.nl","gaat ook het bekende Tilburgse festival Roadburn dit jaar niet door. </s><s> Tenminste, niet in de normale vorm. </s><s> Om toch een... </s><s>","TILBURG","- De concerten van Heyhoef-Backstage vallen stil, minstens tot juni, en om die reden heeft H-B nu Backstage Backyard"
"benhartman.nl","zij altijd klaarstonden om desgewenst in actie te komen. </s><s> Nu gaan we weer verder met de gegevens van Van Sasse van Ysselt. </s><s>","Tilburg",": Wanneer iemand is overleden, wordt dit aangezegd door aansprekers van beroep, bidders genaamd, die een steek op"
"fransmensonides.nl","; ere wie ere toekomt. </s><s> Voorbij Breda en het onvermijdelijke Gilze-Rijen mijn eerste reisdoel van vandaag; station","Tilburg","Reeshof. </s><s> Het is in 2003 in de dienstregeling opgenomen, tot grote vreugde van de bewoners van deze uithoek, die op bijna"
"fransmensonides.nl",". </s><s> Na een lang, in de dienstregeling opgenomen oponthoud in Boxtel betreden we het viersporige traject naar Eindhoven. </s><s>","Tilburg","Reeshof </s><s> Beeld van Best </s><s> Station Best is nu af; sinds september 2002, alweer. </s><s> Het is een veel ondieper station dan dat van"
"fransmensonides.nl","lezers zich wel zullen kunnen voorstellen. </s><s> Elk kwartier kun je hier de trein nemen naar Eindhoven; elk half uur naar","Tilburg","en elk half uur naar Den Bosch. </s><s> Bijna alles vertrekt van het middenperron, spoor 2 en 3. </s><s> Spoor 1 krijgt alleen de treinen"
"fransmensonides.nl","half uur naar Den Bosch. </s><s> Bijna alles vertrekt van het middenperron, spoor 2 en 3. </s><s> Spoor 1 krijgt alleen de treinen naar","Tilburg","te verwerken, die rechts voorsorteren om straks met de fly-over naar links te kunnen gaan; het perron langs spoor 4"
"harmoniemill.nl","hebben de Millse slagwerkers een A/B-examen Drum & Show / HaFaBra afgelegd aan het Centrum voor Amateurkunst (CvA) in","Tilburg",". </s><s> Frank Lintzen mocht de spits afbijten. </s><s> Na Frank was het Tjeerd Meulepas die aan zijn examen begon. </s><s> Ook hij zei dat,"
"omroeptilburg.nl","<s> We moeten wat gaan winnen, negativiteit helpt niks. </s><s> Hopelijk ga je de sterre van de hemel spelen Labyad.. </s><s> Veel succes.. </s><s>","TILBURG","- Maar liefst tien kampioenen voorlezen uit onze regio streden op 3 maart in de Bibliotheek Wagnerplein in Tilburg een"
"omroeptilburg.nl",".. </s><s> TILBURG - Maar liefst tien kampioenen voorlezen uit onze regio streden op 3 maart in de Bibliotheek Wagnerplein in","Tilburg","een spannende strijd om een plek in de provinciale finale van Read2Me, en Neel Smeijsters van De... </s><s> TILBURG - De"
"omroeptilburg.nl","in Tilburg een spannende strijd om een plek in de provinciale finale van Read2Me, en Neel Smeijsters van De... </s><s>","TILBURG","- De aanhouding werd spannender dan het ooit had mogen worden. </s><s> Agent Koen Simmers had de hulp van zijn collega''s hard"
"omroeptilburg.nl","had de hulp van zijn collega''s hard nodig, maar de noodknop van zijn portofoon weigerde dienst. </s><s> De problemen met het... </s><s>","TILBURG","- Op de campus van Tilburg University verwacht je misschien geen boekenwinkel aan te treffen. </s><s> En dan zeker niet onder de"
"omroeptilburg.nl","''s hard nodig, maar de noodknop van zijn portofoon weigerde dienst. </s><s> De problemen met het... </s><s> TILBURG - Op de campus van","Tilburg","University verwacht je misschien geen boekenwinkel aan te treffen. </s><s> En dan zeker niet onder de grond. </s><s> Toch zit Books 4"
"omroeptilburg.nl","in de LocHal </s><s> In Raad & Daad: Op Straat laat Pieter Bon zich elke week meenemen door een raadslid van Gemeenteraad","Tilburg","naar een plaats in de Gemeente Tilburg die voor hem of haar belangrijk is. </s><s> Zo neemt Eva van Wijngaarden... </s><s> In ons"
"omroeptilburg.nl","laat Pieter Bon zich elke week meenemen door een raadslid van Gemeenteraad Tilburg naar een plaats in de Gemeente","Tilburg","die voor hem of haar belangrijk is. </s><s> Zo neemt Eva van Wijngaarden... </s><s> In ons programma ''Het Andere Normaal'' gaan we op zoek"
"omroeptilburg.nl","bewoner zwaar gewond geraakt. </s><s> Na het incident zijn meerdere mannen gevlucht, maar later is één van hen aangehouden. </s><s>","TILBURG","- Om meer aandacht voor het onderwerp te genereren besloot Studio Waaghals een onderzoek te doen naar"
"omroeptilburg.nl","genderdiversiteit: ''Gender in de blender''. </s><s> De initiators vragen verschillende Tilburgse kunstenaars om werk... </s><s>","TILBURG","- In de provincie Noord-Brabant vonden in het afgelopen jaar 547 geregistreerde cybercrime-delicten plaats. </s><s> In 2018"
"omroeptilburg.nl","geregistreerde cybercrime-delicten plaats. </s><s> In 2018 waren dit er 271, wat betekent dat er een stijging is van 101,9%. </s><s>","Tilburg","had te maken met de... </s><s> 3 weken geleden </s><s> Bekijk </s><s> De muzikale talkshow Notenkrakers, vier keer per jaar op het podium van"
"omroeptilburg.nl",", vier keer per jaar op het podium van Paradox, kon in april niet doorgaan vanwege de coronamaatregelen. </s><s> Maar in Omroep","Tilburg","vond de redactie van het programma een enthousiaste... </s><s> Deze week nemen we je in CulTuur weer even mee terug naar"
"omroeptilburg.nl","zouden willen dat de coronacrisis in vijf minuten voorbij zou zijn, maar dat zal niet gebeuren. </s><s> Wel kunnen we als Omroep","Tilburg","elke dag de situatie kort beschouwen. </s><s> In aflevering 24 spreken we met acteur en... </s><s> In oktober werd onder andere in"
"omroeptilburg.nl","elke dag de situatie kort beschouwen. </s><s> In aflevering 24 spreken we met acteur en... </s><s> In oktober werd onder andere in","Tilburg","het Creativity World Forum georganiseerd. </s><s> Een aantal onderdelen van het programma, waaronder het opnemen van een"
"benhartman.nl","van de vorige eeuw. </s><s> Rolf Janssen maakte een optekening van een identieke tekst en melodie bij de heer van Herwaarden in","Tilburg","Hierna volgt een variant die ik kreeg van de familie van Empel uit Middelrode. </s><s> Op de site www.liederenbank.nl staat"
"omroeptilburg.nl","juni vanwege bijzondere bouwkwaliteit gecertificeerd volgens de internationale passiefhuis-standaard. </s><s> Door... </s><s>","TILBURG","- Het is nog lente, maar de temperaturen in Brabant beginnen al flink te stijgen. </s><s> Het heerlijke warme weer brengt veel"
"omroeptilburg.nl","warme weer brengt veel moois met zich mee, maar helaas ook de terugkomst van de eikenprocessierups. </s><s> In de regio... </s><s>","TILBURG","- Vrijdagmiddag werd in het Vrijheidspark in Tilburg het nieuwe Holocaustmonument overgedragen aan burgemeester"
"omroeptilburg.nl","ook de terugkomst van de eikenprocessierups. </s><s> In de regio... </s><s> TILBURG - Vrijdagmiddag werd in het Vrijheidspark in","Tilburg","het nieuwe Holocaustmonument overgedragen aan burgemeester Theo Weterings. </s><s> Het monument is naar ontwerp van"
"omroeptilburg.nl","aan burgemeester Theo Weterings. </s><s> Het monument is naar ontwerp van kunstenares Tine van de Weyer en heeft een... </s><s>","TILBURG","- Komend najaar wordt aan de Edisonlaan een opvanglocatie voor dak- en thuislozen geopend. </s><s> De opvang, die de naam Domus"
"omroeptilburg.nl","en films kijken! </s><s> (Deze aflevering is trouwens eerder... </s><s> Deze week gaat Pieter Bon op pad met Julian Zieleman van D66","Tilburg",". </s><s> Julian neemt ons mee naar de Oude Warande, waar hij zelf regelmatig een rondje loopt maar waar hij ook iets over te"
"omroeptilburg.nl","carnavalsverenigingen verder nu d''n Opstoet dit... </s><s> Deze week bespreken we met directeuren Rob van Steen van Theaters","Tilburg","en Loek Sijbers van Factorium over de gevolgen van de coronacrisis voor de Tilburgse cultuursector. </s><s> We hebben het met"
"omroepflevoland.nl","nieuwe woonwijk Parkwijk. </s><s> Naast Lelystad wordt het festival nog op vier andere plekken georganiseerd: Breda, Goes,","Tilburg","en Doetinchem. </s><s> U zet uw eerste stappen in de wereld van het gecoördineerd afhandelen van incidenten, U bent"
"svnuenen.nl","een paar weken van te voren tijdens een toernooi gevochten was met vervelende afloop. </s><s> Moesten we nu met een tank naar","Tilburg","of met helmen opspelen of moesten we de gok nemen om te vertrouwen op het goede van de mens. </s><s> In een zeer geheim overleg"
"svnuenen.nl","had ze Nederlands kampioen kunnen zijn als Peng en andere niet mee hadden gedaan. </s><s> Wat een middag, ik voelde me als God in","Tilburg","en mocht ik nog eens jong voelen en op stukken willen jagen dan ga ik naar Tilburg toe maar dan op Valentijnsdag </s><s> De al dagen"
"svnuenen.nl",". </s><s> Wat een middag, ik voelde me als God in Tilburg en mocht ik nog eens jong voelen en op stukken willen jagen dan ga ik naar","Tilburg","toe maar dan op Valentijnsdag </s><s> De al dagen rusteloos slapende Bibi </s><s> P.S Als je met Jan S mee gaat moet je wel het liedje"
"svnuenen.nl","met deze oplossing, straffen en helpen, Bravo. </s><s> En mocht ik een keer op een woensdag vrij zijn kom ik heel graag naar","Tilburg",". </s><s> Ze verdienen het </s><s> Afgelopen week wilde ik ''s cchtends mijn auto starten, nieuwe accu, startmotor draaide als een"
"omroeptilburg.nl","woning aan de Gildelaan. </s><s> De twee mannen eisten geld bij het slachtoffer. </s><s> Toen de man vertelde dat hij geen geld bij... </s><s>","TILBURG","- Je demente moeder uit het verpleeghuis ontvoeren om haar thuis te verzorgen. </s><s> Je verzint het bijna niet. </s><s> Toch deed"
"omroeptilburg.nl","bijna niet. </s><s> Toch deed cabaretière en schrijfster Karin Bruers dit jaren geleden met haar eigen moeder toen zij niet... </s><s>","TILBURG","– Het is een traditie voor de parochianen van de Mariakerk aan De Schans in Tilburg-Noord: het zingen van Marialiedjes"
"omroeptilburg.nl","zouden willen dat de coronacrisis in vijf minuten voorbij zou zijn, maar dat zal niet gebeuren. </s><s> Wel kunnen we als Omroep","Tilburg","elke dag de situatie kort beschouwen. </s><s> In de negende aflevering komen we weer terug bij... </s><s> Het Hart van Brabant Nieuws"
"omroeptilburg.nl","keizer en Co aan te stellen!. dat Ajax zo sportief ten gronde gaat is blijkbaar minder belangrijk dan hun eigen ego!,, </s><s>","TILBURG","– Vanaf maandag zijn de zestien verzinkbare palen rondom de binnenstad vervangen door slimme camera''s. </s><s> Het oude"
"omroeptilburg.nl","''s. </s><s> Het oude systeem had vaak storingen en incidenteel gebeurden er hier en daar ongelukken. </s><s> De nieuwe camera''s... </s><s>","TILBURG","- Bij een Botanische Tuin denk je al gauw aan prachtige bloemen en planten, maar bij de voorstelling Botanical"
"omroeptilburg.nl","Botanical Wasteland van Theater Rotterdam kom je een heel ander landschap tegen. </s><s> Een samenleving waarin niet... </s><s>","TILBURG","- Elk jaar verruilen een aantal artiesten het podium voor een vaak veel te krap studentenkamertje. </s><s> Bij het Stukafest"
"omroeptilburg.nl","- Elk jaar verruilen een aantal artiesten het podium voor een vaak veel te krap studentenkamertje. </s><s> Bij het Stukafest","Tilburg","vinden bijzondere, kleine voorstellingen plaats in studentenkamers verspreid over de... </s><s> 4 maanden geleden </s><s> Het Hart"
"omroeptilburg.nl","een kringetje rond een tafel met plakjes worst en blokjes kaas, maar pakte het iets groter aan. </s><s> Op het podium van Paradox","Tilburg","speelde hij met een flinke bezetting het... </s><s> Het Hart van Brabant Nieuws van 26 september 2019: – Rode Kruis geeft aan"
"omroeptilburg.nl","we de straat op. </s><s> Dat doen we natuurlijk niet alleen, want Pieter Bon neemt in elke aflevering een lid van de Gemeenteraad","Tilburg","mee op pad naar een plek die de... </s><s> Slaapwandelen </s><s> Slaapwandelen </s><s> Slaapwandelen is het wandelen terwijl je slaapt en waar"
"maakdeswitch.nl",". </s><s> Switch biedt gemeenten advies en ondersteuning. </s><s> Brabant telt op dit moment 22 Millennium Gemeenten. </s><s> Eindhoven,","Tilburg",", Schijndel, Oss en Boxtel zijn inmiddels Fairtrade Gemeente. </s><s> Zeeland telt 6 Millennium Gemeenten. </s><s> Goes is bovendien"
"shft.nl","dat een onderdeel is van het programma Veilige Toekomst, waarin de Federatie ... </s><s> Eind september 2015 startte in","Tilburg","een uniek onderwijsconcept; Zorgtechnologie op de School voor Gezondheidszorg ROC Tilburg. </s><s> Een uniek"
"shft.nl","2015 startte in Tilburg een uniek onderwijsconcept; Zorgtechnologie op de School voor Gezondheidszorg ROC","Tilburg",". </s><s> Een uniek samenwerkingsverband tussen ROC Tilburg en diverse organisaties, waaronder de Brabantse Proeftuin"
"shft.nl","; Zorgtechnologie op de School voor Gezondheidszorg ROC Tilburg. </s><s> Een uniek samenwerkingsverband tussen ROC","Tilburg","en diverse organisaties, waaronder de Brabantse Proeftuin Dementie en de BRIZ. </s><s> Op maandag 25 januari 2016"
"shft.nl","was namelijk één van de genomineerden voor de ''WAN Sustainable Building of the Year ... </s><s> In 2011 vroeg de gemeente","Tilburg","ondernemers uit de regio 013 om de handschoen op te pakken om MVO duurzaam te verankeren in de regio en zo"
"shft.nl","de functies van groen ingezet worden bij de realisatie van een leefbaar en energiezuinig gebouw. </s><s> De ... </s><s> De Spoorzone in","Tilburg",", de voormalige NS werkplaats, beslaat het gebied tussen de Ringbanen West en Oost en staat vol met cultureel erfgoed. </s>"
"shft.nl","West en Oost en staat vol met cultureel erfgoed. </s><s> Het is een aantrekkelijke locatie en ligt bovendien in het centrum van","Tilburg",". </s><s> Toch kennen veel mensen ... </s><s> Slim ruimtegebruik is een onderdeel van duurzaam bouwen. </s><s> Bij de bouw van het nieuwe"
"shft.nl","Sky Sessie ""Innoveren op het snijvlak arbeid, economie en onderwijs"". </s><s> Deze sessie was georganiseerd door de gemeente","Tilburg",", in samenwerking met het Tilburg Social Innovation Lab (Tisil). </s><s> De kennis en ervaring die ik ... </s><s> Al eerder berichtten"
"shft.nl","arbeid, economie en onderwijs"". </s><s> Deze sessie was georganiseerd door de gemeente Tilburg, in samenwerking met het","Tilburg","Social Innovation Lab (Tisil). </s><s> De kennis en ervaring die ik ... </s><s> Al eerder berichtten wij u op deze website over het"
"shft.nl","2011 gewonnen. </s><s> De prijs werd uitgereikt door de prof. dr. </s><s> P. Eijlander, rector magnificus van de Universiteit van","Tilburg",". </s><s> Samen met Midpoint Brabant, Gemeente Tilburg en ... </s><s> Op het nieuwe kantoorpand van Van Helvoirt Groenprojecten is ook"
"shft.nl","de prof. dr. </s><s> P. Eijlander, rector magnificus van de Universiteit van Tilburg. </s><s> Samen met Midpoint Brabant, Gemeente","Tilburg","en ... </s><s> Op het nieuwe kantoorpand van Van Helvoirt Groenprojecten is ook een innovatief helofyten filterdak gepland,"
"shft.nl","we de mogelijkheden onderzocht om de fundering te maken op ... </s><s> Het Groene Woud (gelegen in de driehoek Eindhoven,","Tilburg","en Den Bosch) is een vruchtbare bodem voor economisch succes, vindt ook de Kamer van Koophandel. </s><s> Daarom ondersteunt ze"
"omroeptilburg.nl","een rol spelen bij het filteren van fijnstof, waterberging, biodiversiteit en energiebesparing, staat in de ... </s><s>","TILBURG","– Donderdagochtend is een Tilburgse man aangehouden voor handel in verdovende middelen en het witwassen van geld. </s>"
"omroeptilburg.nl","van geld. </s><s> Naar aanleiding van meerdere anonieme tips vielen politieagenten rond 07.30 uur zijn woning aan... </s><s>","TILBURG","- Maandag 4 mei, 75 jaar na de laatste dag van de Tweede Wereldoorlog, herdenken we zoals ieder jaar om 20.00 uur de"
"omroeptilburg.nl","we zoals ieder jaar om 20.00 uur de oorlogsslachtoffers. </s><s> Dit jaar zullen drie trompettisten van het Seniorenorkest","Tilburg","het... </s><s> TILBURG - Woensdagnacht zijn drie mannen op heterdaad aangehouden op verdenking van inbraak bij een bedrijf"
"omroeptilburg.nl","jaar om 20.00 uur de oorlogsslachtoffers. </s><s> Dit jaar zullen drie trompettisten van het Seniorenorkest Tilburg het... </s><s>","TILBURG","- Woensdagnacht zijn drie mannen op heterdaad aangehouden op verdenking van inbraak bij een bedrijf aan de Doctor"
"levensloopbrabant.nl","in de jaren zestig stevig van zich horen. </s><s> Op 28 april 1969 bezetten een groep studenten de Katholieke Hogeschool in","Tilburg","en eisten meer inspraak in het bestuur van de universiteit. </s><s> Hiermee had Tilburg een primeur. </s><s> Het voorbeeld werd ruim"
"levensloopbrabant.nl","studenten de Katholieke Hogeschool in Tilburg en eisten meer inspraak in het bestuur van de universiteit. </s><s> Hiermee had","Tilburg","een primeur. </s><s> Het voorbeeld werd ruim een week later opgevolgd door studenten in Amsterdam, die het Maagdenhuis"
"levensloopbrabant.nl","gekregen: Karl Marx Universiteit, uit protest tegen de weinige aandacht voor de Marxistische economie. </s><s> De acties in","Tilburg",", Amsterdam en andere steden leidden ertoe dat in 1971 de Wet Universitaire Bestuurshervorming werd aangenomen,"
"omroeptilburg.nl","een meerderheid haalt, wordt de vullimiet definitief verruimd en zal de standaard begin 2019 worden gepubliceerd. </s><s>","TILBURG","- De E. du Perronprijs 2019 is toegekend aan Ellen Deckwitz voor haar bundel Hogere Natuurkunde. </s><s> De jury bekroont naar"
"omroeptilburg.nl",". </s><s> De jury bekroont naar eigen zeggen al met al een boeiende en onheilspellende bundel met gedichten. </s><s> Daar zijn... </s><s>","TILBURG","- Op 22 april is het Nationale Zaaidag. </s><s> Daarom organiseren verschillende organisaties zoals de Bijenstichting,"
"omroeptilburg.nl",", Nudge en the Pollinators een landelijke zaaicampagne. </s><s> Via verschillende voedselbanken voor bijen... </s><s>","TILBURG","- WeCareNL, het initiatief dat Tilburger Jordy Sweep opzette om zowel de horeca als het zorgpersoneel te steunen, is"
"benhartman.nl","de overledene. </s><s> Achter hem komen de verdere familieleden, buren en vrienden en daarna de vrouwen, allen een voor een. </s><s>","Tilburg",": Op de dag der begrafenis wordt het lijk naar de kerk gereden. </s><s> Daarachter gaan te voet eerst de mannelijke familieleden"
"omroeptilburg.nl","uitvoeren, wordt met een aantal weken verlengd. </s><s> Volgens het Defensie Helikopter commando, het onderdeel waarbij... </s><s>","TILBURG","– De Tilburgse binnenzwembaden openen vanaf 18 mei weer de deuren. </s><s> Dat is mogelijk omdat de zwembaden volgens de"
"omroeptilburg.nl","zouden willen dat de coronacrisis in vijf minuten voorbij zou zijn, maar dat zal niet gebeuren. </s><s> Wel kunnen we als Omroep","Tilburg","elke dag de situatie kort beschouwen. </s><s> We hebben inmiddels de twaalfde aflevering... </s><s> We zouden willen dat de"
"omroeptilburg.nl","zouden willen dat de coronacrisis in vijf minuten voorbij zou zijn, maar dat zal niet gebeuren. </s><s> Wel kunnen we als Omroep","Tilburg","elke dag de situatie kort beschouwen. </s><s> In aflevering elf hebben we Ralf Bodelier weer in... </s><s> In deze eerste aflevering"
"dds.nl",", waarbij hij, toen vijandelijke mortiergranaten midden in zijn groep vielen, werd gewond. </s><s> In 1881 werd de spoorlijn","Tilburg","- ''s-Hertogenbosch - Nijmegen geopend. </s><s> Hoewel Rosmalen in die tijd slechts een paar duizend inwoners had kreeg het"
"kunstschaatsbaan.nl","evenement. </s><s> Van 28 december 2009 t/m 3 januari 2010 hebben we voor Verrijk je Wijk de schaatsbaan van 100m2 geplaatst in","Tilburg",". </s><s> De schaatsbaan is door deze organisatie geplaatst in het kader van integratie. </s><s> Hieronder vindt u foto''s van dit"
"shft.nl","Of wilt u slimmer en structureel innoveren binnen uw organisatie? </s><s> Dan kunnen wij u ... </s><s> Afgelopen jaren is door gemeente","Tilburg","en koplopers op het gebied van MVO fors ingezet op de bewustwording van en het informeren over de kansen en"
"shft.nl","informeren over de kansen en mogelijkheden van maatschappelijk verantwoord ondernemen voor bedrijven in de regio","Tilburg",". </s><s> Dit is primair ... </s><s> De Spoorzone in Tilburg (de voormalige NS werkplaats) beslaat het gebied tussen de Ringbanen West"
"shft.nl","van maatschappelijk verantwoord ondernemen voor bedrijven in de regio Tilburg. </s><s> Dit is primair ... </s><s> De Spoorzone in","Tilburg","(de voormalige NS werkplaats) beslaat het gebied tussen de Ringbanen West en Oost en staat vol met cultureel erfgoed. </s>"
"shft.nl","en Oost en staat vol met cultureel erfgoed. </s><s> Het is een aantrekkelijke locatie onder andere omdat deze in het centrum van","Tilburg","ligt. </s><s> Toch kennen veel ... </s><s> De Spoorzone in Tilburg (de voormalige NS werkplaats) is momenteel volop in ontwikkeling. </s>"
"shft.nl","aantrekkelijke locatie onder andere omdat deze in het centrum van Tilburg ligt. </s><s> Toch kennen veel ... </s><s> De Spoorzone in","Tilburg","(de voormalige NS werkplaats) is momenteel volop in ontwikkeling. </s><s> Zo is het de bedoeling dat er over een aantal jaren de"
"shft.nl","werkplaats) is momenteel volop in ontwikkeling. </s><s> Zo is het de bedoeling dat er over een aantal jaren de Stadscampus van","Tilburg","verrijst. </s><s> Een aantal partijen, waaronder Fontys Hogescholen, gemeente Tilburg en de Bibliotheek ... </s><s> Binnen de"
"shft.nl","een aantal jaren de Stadscampus van Tilburg verrijst. </s><s> Een aantal partijen, waaronder Fontys Hogescholen, gemeente","Tilburg","en de Bibliotheek ... </s><s> Binnen de gezondheidzorg rijst een aantal (potentiële) problemen. </s><s> Door de hedendaagse"
"omroeptilburg.nl","kwaliteiten inzetten. </s><s> Als de Zeta energie niet volledig kan doorstromen, kan dat komen door de volgende thema''s: </s><s>","TILBURG","– Met de nieuwe maatregelen rondom corona is er ook meer ruimte gekomen voor onder andere campings. </s><s> Campings mogen open"
"omroeptilburg.nl","zouden willen dat de coronacrisis in vijf minuten voorbij zou zijn, maar dat zal niet gebeuren. </s><s> Wel kunnen we als Omroep","Tilburg","elke dag de situatie kort beschouwen. </s><s> In aflevering veertien spreken we met Ralf... </s><s> Aflevering 24: Marieke Vromans -"
"levensloopbrabant.nl","te vinden. </s><s> Met name zijn er nu ook de ''overwegingen bij de missie van DVK'' te vinden. </s><s> Zestien en zwanger </s><s> Athalie Terp uit","Tilburg","is 22 jaar en zwanger van haar derde kind. </s><s> Ze kreeg op haar zestiende haar eerste kind. </s><s> ""Ik schrok enorm toen ik op mijn"
"levensloopbrabant.nl","kon worden. </s><s> Ze hebben me altijd gesteund. </s><s> De eerste anderhalf jaar heb ik met mijn dochter Lacey bij mijn ouders in","Tilburg","gewoond. </s><s> We hebben duidelijke afspraken gemaakt: ik zou voor mijn dochter zorgen. </s><s> Dat werkte heel goed. </s><s> Als ik Lacey ''s"
"levensloopbrabant.nl","van zestien wel een kind kan opvoeden. </s><s> Maar ik voelde me absoluut geen kind meer, ik was volwassen. </s><s> Ook van mijn school in","Tilburg","kreeg ik geen positieve reactie: ik moest na mijn derde jaar vertrekken vanwege mijn zwangerschap. </s><s> De school meende"
"nvhr.nl","spreekbeurten er in te houden, maar gezien de wat omslachtige voorbereiding hebben we daar toch maar van af gezien. </s><s> In","Tilburg","konden we het lokaal niet vinden na enige tijd heen en weer rijden waren we er zeker van dat we in buurt moesten zijn. </s><s> Op een"
"wbedemoer.nl",". </s><s> Werkgebied WBE De Moer </s><s> Het werkgebied van WBE de Moer e.o. is globaal gelegen in Midden Brabant tussen de plaatsen","Tilburg",", Dongen, Sprang-Cappelle, Waalwijk en Loon op Zand. </s><s> Het gebied omvat ca. 5500 ha en is als beheergebied onder de"
"omroeptilburg.nl","zich in de richting van de Brink, waar in de eerste helft van diezelfde veertiende eeuw de Sint-Pauluskerk is gebouwd. </s><s>","TILBURG","- Het keurmerk dat afgelopen zomer is ingevoerd voor taxi''s, heeft in ieder geval tijdens de afgelopen carnaval niet"
"omroeptilburg.nl","carnaval niet tot de gewenste resultaten geleid. </s><s> Dat vinden de Tilburgse chauffeurs die zelf wél werken met... </s><s>","TILBURG","/ GOIRLE - De gemeenten Tilburg en Goirle krijgen een subsidie van ruim acht ton. </s><s> Die is al met al voor het verbinden van"
"omroeptilburg.nl","resultaten geleid. </s><s> Dat vinden de Tilburgse chauffeurs die zelf wél werken met... </s><s> TILBURG / GOIRLE - De gemeenten","Tilburg","en Goirle krijgen een subsidie van ruim acht ton. </s><s> Die is al met al voor het verbinden van natuurgebied Kaaistoep met Kamp"
"omroeptilburg.nl","al voor het verbinden van natuurgebied Kaaistoep met Kamp de Kiek. </s><s> Het geld komt dus van het Groenontwikkelfonds... </s><s>","TILBURG","- De gemeente Tilburg neemt geen extra maatregelen na een incident waarbij een beschonken automobilist met een auto"
"omroeptilburg.nl","van natuurgebied Kaaistoep met Kamp de Kiek. </s><s> Het geld komt dus van het Groenontwikkelfonds... </s><s> TILBURG - De gemeente","Tilburg","neemt geen extra maatregelen na een incident waarbij een beschonken automobilist met een auto tussen uit"
"maakdeswitch.nl","het ministerie van Buitenlandse Zaken, de provincie Zeeland, de provincie Noord Brabant, de gemeenten Eindhoven en","Tilburg",". </s><s> In juni 1940 leek het of de kaarten al waren geschud. </s><s> Duitsland, had op Engeland na, vrijwel heel Europa bezet. </s>"
"blikopnieuws.nl","op de Michiel de Ruyterlaan in Oirschot. </s><s> Aldaar bleek dat een auto Lees verder... </s><s> Vrijdagochtend is in","Tilburg","een 42-jarige Tilburger voor de ogen van zijn 10-jarige zoontje neergeschoten op de Dolomietenweide. </s><s> Dit meldt de"
"omroeptilburg.nl","<s> ds. </s><s> Wim Aanen, voorzitter 078-6311943 </s><s> Klik hier voor het verslag van de halfjaarlijkse bijeenkomst van 14 maart 2019. </s><s>","TILBURG","– Zodra de situatie veilig is, gaat de gemeente Tilburg onderzoeken hoe het kon gebeuren dat een deel van het metselwerk"
"omroeptilburg.nl","verslag van de halfjaarlijkse bijeenkomst van 14 maart 2019. </s><s> TILBURG – Zodra de situatie veilig is, gaat de gemeente","Tilburg","onderzoeken hoe het kon gebeuren dat een deel van het metselwerk afgelopen zaterdag los kon komen van het gebouw. </s><s> Rond"
"omroeptilburg.nl","een deel van het metselwerk afgelopen zaterdag los kon komen van het gebouw. </s><s> Rond half twee in de middag kwam een deel... </s><s>","TILBURG","- Virtual Squash And Gaming is een combinatie tussen squash en games. </s><s> Bij het T-Kwadraat in Tilburg is het mogelijk om te"
"omroeptilburg.nl","kwam een deel... </s><s> TILBURG - Virtual Squash And Gaming is een combinatie tussen squash en games. </s><s> Bij het T-Kwadraat in","Tilburg","is het mogelijk om te squashen tegen een virtuele muur. </s><s> Er zijn vele verschillende spellen te bespelen, van... </s><s> TILBURG"
"omroeptilburg.nl","Tilburg is het mogelijk om te squashen tegen een virtuele muur. </s><s> Er zijn vele verschillende spellen te bespelen, van... </s><s>","TILBURG","- Beeldend werken met je voorouders. </s><s> We hebben het dan niet over lekker tekenen bij oma en opa thuis, maar het verwerken"
"omroeptilburg.nl","staan we stil bij het Creativity World Forum, dat afgelopen week plaatsvond in een aantal Brabantse steden, waaronder","Tilburg",". </s><s> Tijdens het forum wordt er door zo""n 1500 professionals... </s><s> Het Hart van Brabant Nieuws van 23 oktober 2019: –"
"prinsesirenebrigade.nl","het grondgebied van hun gemeente. </s><s> Het betreft het viaduct over de provinciale weg tussen de Beekse Bergen en de weg naar","Tilburg",". </s><s> In dit gebied werd eind oktober 1944 door de mannen van de Irene Brigade zware gevechten geleverd met Duitse troepen"
"prinsesirenebrigade.nl","oktober 1944 door de mannen van de Irene Brigade zware gevechten geleverd met Duitse troepen tijdens de opmars naar","Tilburg",". </s><s> Generaal Hemmes, de voorzitter van de Vereniging Oud-strijders, onthulde samen met burgemeester mr. </s><s> W.R. Ligtvoet"
"prinsesirenebrigade.nl","bordjes langs de weg, die over het viaduct loopt, geven uitleg over de naam. </s><s> -Langs de oude weg van Hilvarenbeek naar","Tilburg","(Tilburgseweg 51) ligt restaurant-eetcafé De Bodega (voorheen Onder den linde). </s><s> Architect Bax uit Tilburg bouwde in"
"prinsesirenebrigade.nl","naar Tilburg (Tilburgseweg 51) ligt restaurant-eetcafé De Bodega (voorheen Onder den linde). </s><s> Architect Bax uit","Tilburg","bouwde in 1936 dit pand in opdracht van de familie Lemmens, veekopers uit Tilburg. </s><s> In 1944 herbergde de bierkelder een"
"prinsesirenebrigade.nl","Onder den linde). </s><s> Architect Bax uit Tilburg bouwde in 1936 dit pand in opdracht van de familie Lemmens, veekopers uit","Tilburg",". </s><s> In 1944 herbergde de bierkelder een noodhospitaal, waar geallieerde militairen , w.o. die van de Prinses Irene"
"prinsesirenebrigade.nl","een noodhospitaal, waar geallieerde militairen , w.o. die van de Prinses Irene Brigade, tijdens de bevrijding van","Tilburg","geopereerd werden. </s><s> Jaren later ontving de toenmalige eigenaresse hiervoor nog een onderscheiding van de Prinses"
"prinsesirenebrigade.nl","dit monument. </s><s> Ook een neef en zijn vrouw van Anthoon Bonte waren bij de plechtigheid aanwezig. </s><s> De Vaandeldrager in","Tilburg","</s><s> Tilburg </s><s> Prinses Irene onthulde in Tilburg op 27 oktober 1955 een monument voor de gevallenen van de Irene Brigade. </s><s> Het"
"prinsesirenebrigade.nl","monument. </s><s> Ook een neef en zijn vrouw van Anthoon Bonte waren bij de plechtigheid aanwezig. </s><s> De Vaandeldrager in Tilburg </s><s>","Tilburg","</s><s> Prinses Irene onthulde in Tilburg op 27 oktober 1955 een monument voor de gevallenen van de Irene Brigade. </s><s> Het monument"
"prinsesirenebrigade.nl","van Anthoon Bonte waren bij de plechtigheid aanwezig. </s><s> De Vaandeldrager in Tilburg </s><s> Tilburg </s><s> Prinses Irene onthulde in","Tilburg","op 27 oktober 1955 een monument voor de gevallenen van de Irene Brigade. </s><s> Het monument stelt een in veldtenue geklede"
"prinsesirenebrigade.nl","die door de brigade op veldtocht door Noord-Frankrijk, België en Nederland werden aangedaan: ''ST. </s><s> COME PONT AUDEMER","TILBURG","HEDEL''. </s><s> Op de zijkanten van het voetstuk zijn de naam, rang, geboortejaar, woonplaats en jaar en plaats van overlijden"
"brandrep.nl","out-of-the-box: Il faut-être sauvages, c''est le seul moyen d''être libre''. </s><s> Mirko studeerde af aan de Universiteit van","Tilburg",", richting Bedrijfseconomie met specialisatie in Marketing en heeft een Masters in Merkmanagement van de"
"nvhr.nl",". </s><s> Ook Haro van Panhuys uit het verre Den Bosch kwam binnen stappen met nog drie heren die zover ik begreep uit de buurt van","Tilburg","kwamen. </s><s> Ook Piet Blaas uit Arnhem, die deze site zo voortreffelijk verzorgd, had de lange tocht ondernomen om nu toch"
"durieux.eu","de strafeis. </s><s> Ook in de strafkeuze wordt het OM vrijwel altijd gevolgd, zo is recent uit onderzoek van de Universiteit","Tilburg","gebleken. </s><s> De meest voorkomende vorm van agressie en geweld tegen hulpverleners bestaat uit verbale agressie. </s><s> Uit"
"omroeptilburg.nl","een geïntegreerd display, stelt de gebruiker in staat om direct te beginnen met de applicatieontwikkeling. </s><s>","TILBURG","- Maandagavond is rond half acht in de De Ruyterstraat in Tilburg een kind neergestoken door een ander kind. </s><s> Dat meldt"
"omroeptilburg.nl","om direct te beginnen met de applicatieontwikkeling. </s><s> TILBURG - Maandagavond is rond half acht in de De Ruyterstraat in","Tilburg","een kind neergestoken door een ander kind. </s><s> Dat meldt Omroep Brabant op haar website. </s><s> TILBURG – Ondanks eerdere"
"omroeptilburg.nl","in de De Ruyterstraat in Tilburg een kind neergestoken door een ander kind. </s><s> Dat meldt Omroep Brabant op haar website. </s><s>","TILBURG","– Ondanks eerdere waarschuwingen was het afgelopen weekend toch druk in de Tilburgse binnenstad. </s><s> Ook maandag,"
"omroeptilburg.nl",". </s><s> Ook maandag, tijdens Koningsdag, was het niet bepaald rustig. </s><s> Veel mensen waren naar het centrum gekomen en lang... </s><s>","TILBURG","– De coronacrisis betekent voor veel organisaties en bedrijven dat de zaken noodgedwongen anders gaan dan normaal. </s>"
"omroeptilburg.nl","Nieuws van vrijdag 27 maart 2020: – Opvang voor zieke dak- en thuislozen in voormalige Koning Willem II kazerne – Ook","Tilburg","krijgt speciale huisartsenposten voor vermoedelijke... </s><s> Welkom op de website van en voor de inwoners van Wijnaldum </s>"
"wbedemoer.nl","van de politiek en pers, zowel plaatselijk als regionaal en landelijk. </s><s> Het zwerfvuil in het gebied tussen","Tilburg",", Waalwijk, Sprang-Capelle en Dongen wordt op deze wijze de laatste jaren verzameld door ruim 80 deelnemers,"
"wbedemoer.nl","wijze de laatste jaren verzameld door ruim 80 deelnemers, waaronder zo''n 45 kinderen uit o.a. gemeenten Loon op Zand en","Tilburg",". </s><s> Jaarlijks wordt ruim 14 m3 uit het landelijk gebied gehaald. </s><s> Een beeld van het verzamelde vuil in voorgaande jaren;:"
"zelfvoorziening.nl","wat boven haar macht reikend. </s><s> Meer kunstzinnig aldaar, overeenkomstig manifestatis in Maastricht, Rotterdam,","Tilburg","en eerder Amsterdam 4 , is het driejarige ('' 09-''11) Foodprint evenement. </s><s> Voedsel voor de stad'' in de vorm van lezingen,"
"fransmensonides.nl","is, in afwachting van de Hanzelijn. </s><s> Die rij stations op de lijn naar Emmen kan ik niet onthouden. </s><s> En nee, het was laatst in","Tilburg","niet mijn laatste ritje met de steeds nostalgischer ogende Plan-V''s, want ook deze lijn wordt er nog steeds mee"
"zuidwest-nederland.nl","he picture'' Eind dit jaar wordt het boek KEN Roosendaal 2003 gepresenteerd. </s><s> De tweede editie al weer. </s><s> Steden als Breda,","Tilburg","en Eindhoven hebben al een tweede boek, op veler verzoek is nu ook Roosendaal aan de beurt. </s><s> In een nog exclusiever jasje. </s>"
"omroeptilburg.nl","vóór 31 december de nieuwe verzekering af. </s><s> De nieuwe verzekeraar zorgt ervoor dat de oude verzekering wordt opgezegd. </s><s>","TILBURG","- Een Tilburger van 23 heeft geprobeerd om in de nacht van maandag op dinsdag een motor te stelen bij een woning aan de"
"omroeptilburg.nl","bij een woning aan de Oeralweg. </s><s> Hij is op heterdaad aangehouden. </s><s> Tijdens het vervoer naar het bureau zag hij kans... </s><s>","TILBURG","- Sinds een week zijn de basisscholen weer van start gegaan. </s><s> Met halve klassen doen docenten hun best om de achterstand"
"omroeptilburg.nl","hun best om de achterstand van de afgelopen weken in te halen. </s><s> Op basisschool De Petteflet in de Reeshof zijn zowel... </s><s>","TILBURG","- Op de kruising van de Beethovenlaan en Stokhasseltlaan in Tilburg is zondagavond een motorrijder van 19 jaar"
"omroeptilburg.nl","De Petteflet in de Reeshof zijn zowel... </s><s> TILBURG - Op de kruising van de Beethovenlaan en Stokhasseltlaan in","Tilburg","is zondagavond een motorrijder van 19 jaar overleden bij een ongeval. </s><s> Hij botste tegen een auto. </s><s> 3 weken geleden </s><s> Bekijk </s>"
"omroeptilburg.nl","zouden willen dat de coronacrisis in vijf minuten voorbij zou zijn, maar dat zal niet gebeuren. </s><s> Wel kunnen we als Omroep","Tilburg","elke dag de situatie kort beschouwen. </s><s> In aflevering zeventien spreken we weer met Ralf... </s><s> Deze week staan we in De"
"wielersportboeken.nl","ingezonden foto''s) • De Malle Pietje van de fietsonderdelen (Rinus van der Heijden gaat op bezoek bij Fietsen Frans in","Tilburg",", een tovenaar met gouden handjes en hoofd) • Op bedevaart van Diekirch naar Valkenswaard (Martijn Sargentini fietst"
"rockblog.nl","van zijn generatie. </s><s> De gastbijdrage van Josh Homme maakt het helemaal af. </s><s> Het concert dat Wilco dit najaar gaf in","Tilburg","heeft mij overtuigd om The Whole Love aan te wijzen als beste album van 2011. </s><s> Wanneer je als artiest zulke complexe"
"mauricenijsten.nl",", VS, Italië, Zwitserland en Spanje. </s><s> En alsof dat nog niet genoeg is, geeft Hardy als docent aan het conservatorium in","Tilburg","lessen in HaFa directie. </s><s> De in Nieuwenhagen geboren en getogen all round musicus Hardy Mertens zou je kunnen typeren"
"omroeptilburg.nl","hem ook niet worden . Wens alle deelnemers een leuke tour, lekkere BBQ, en vooral een goed Jeep jaar toe </s><s> Deel dit bericht </s><s>","TILBURG","– Afgelopen weekend zijn er kartonnen dozen en diverse jerrycans met drugsafval gedumpt op twee plekken in"
"omroeptilburg.nl","plekken in Tilburg-West. </s><s> Vrijdagnacht werd er afval gedumpt aan de Zwartvenseweg en zaterdagnacht gebeurde er... </s><s>","TILBURG","– Een zwarte Range Rover is in de nacht van zondag 24 op maandag 25 mei rond drie uur in brand gevlogen aan de"
"omroeptilburg.nl","zwarte Range Rover is in de nacht van zondag 24 op maandag 25 mei rond drie uur in brand gevlogen aan de Hoefakkerstraat in","Tilburg",". </s><s> Een overbuurman die het zag gebeuren belde direct 112. </s><s> De brandweer... </s><s> TILBURG - Het Ronde Tafelhuis en"
"omroeptilburg.nl","gevlogen aan de Hoefakkerstraat in Tilburg. </s><s> Een overbuurman die het zag gebeuren belde direct 112. </s><s> De brandweer... </s><s>","TILBURG","- Het Ronde Tafelhuis en ContourdeTwern roepen de wijkbewoners in Tilburg-Noord op om de aankomende tijd flesjes"
"omroeptilburg.nl","zouden willen dat de coronacrisis in vijf minuten voorbij zou zijn, maar dat zal niet gebeuren. </s><s> Wel kunnen we als Omroep","Tilburg","elke dag de situatie kort beschouwen. </s><s> In aflevering 26 spreken we met Electronic Dance... </s><s> Het Hart van Brabant Nieuws"
"omroeptilburg.nl",". </s><s> In aflevering 26 spreken we met Electronic Dance... </s><s> Het Hart van Brabant Nieuws van 15 mei 2020: – Toerisme in","Tilburg","en omstreken bloeit op: boerderijcamping gaat weer open – Na economische tegenslag kijkt Bierbrouwerij De Roos uit"
"omroeptilburg.nl","zouden willen dat de coronacrisis in vijf minuten voorbij zou zijn, maar dat zal niet gebeuren. </s><s> Wel kunnen we als Omroep","Tilburg","elke dag de situatie kort beschouwen. </s><s> We noteren aflevering 25 en spreken weer met... </s><s> Aflevering 29: Jan Vinks -"
"prinsesirenebrigade.nl","naar de staf van de Bevelhebber Nederlandse Strijdkrachten in Brussel. </s><s> Daar de Brigade van Grave weer naar","Tilburg","werd gedirigeerd, werd Vrekwijk weer ingeruild voor Leopoldsburg in België. </s><s> Na een zes weekse opleiding ging de"
"benwilbrink.nl","realistisch rekenen'' is. </s><s> Dat verduidelijkt alleen maar waar dat realistisch rekenen voor staat. </s><s> Diederik A. Stapel (","Tilburg","). </s><s> Ik zie niet wat zijn relatie is met rekenonderwijs. </s><s> Kwam hij toevallig voorbij in een wandelgang? </s><s> Hij doet zo te zien"
"omroeptilburg.nl","vos, kleine bonte specht, huiszwaluw, koekoek, heggenmus, bosuil, kleine karekiet, boomkikker en groene specht. </s><s>","TILBURG","- Eerder waren de stations in Helmond, Deurne, Eindhoven en Den Bosch al ''Corona-proof'', maar nu mag station Tilburg"
